{"f1": [0.8851485148514852, 0.696788648244959, 0.6750700280112044, 0.5639097744360901, 0.732013201320132, 0.6979166666666667, 0.81875, 0.6979166666666667, 0.81875, 0.7195357833655706], "precision": [0.8333333333333333, 0.6675, 0.6462585034013605, 0.5760401721664276, 0.72, 0.6672077922077922, 0.81875, 0.6666666666666666, 0.7692307692307692, 0.6875], "recall": [0.9711538461538461, 0.7528301886792452, 0.7433962264150944, 0.7453703703703703, 0.7464985994397759, 0.8301282051282051, 0.81875, 0.9056603773584906, 0.9411764705882353, 0.9038461538461539]}