{"f1": [0.49122807017543857, 0.4476190476190476, 0.3894736842105263, 0.275, 0.5839311334289814, 0.41528455284552845, 0.565, 0.2826546003016591, 0.4520917678812416, 0.5252976190476191], "precision": [0.59375, 0.5488095238095239, 0.5354037267080746, 0.4457070707070707, 0.6296296296296297, 0.5496894409937888, 0.5897435897435898, 0.5543478260869565, 0.5436081242532855, 0.5805288461538461], "recall": [0.75, 0.6547169811320754, 0.6075471698113208, 0.30092592592592593, 0.803921568627451, 0.6282051282051282, 0.5583333333333333, 0.6132075471698113, 0.6022408963585434, 0.7147435897435898]}