{"f1": [0.5622796041405984, 0.6015325670498084, 0.5411764705882353, 0.5337295381086435, 0.5188811188811189, 0.5326797385620915, 0.5529220401998374, 0.5175473981444131, 0.5616325691374524, 0.5561246265471618], "precision": [0.6023238380809596, 0.6313923105636432, 0.6181818181818182, 0.6079777365491651, 0.5939696633370329, 0.6121687196715192, 0.6063829787234043, 0.6166666666666667, 0.6261595547309833, 0.6226415094339622], "recall": [0.7307692307692308, 0.75, 0.7692307692307692, 0.730952380952381, 0.730072463768116, 0.7250936329588016, 0.8031914893617021, 0.7444444444444445, 0.7414772727272727, 0.7802197802197802]}