{"f1": [0.8522727272727273, 0.8945233265720081, 0.8522727272727273, 0.7915071988336067, 0.8510333537957847, 0.8242055442866802, 0.834920634920635, 0.8520625889046942, 0.806811145510836, 0.8522727272727273], "precision": [0.8099071207430341, 0.8772609819121446, 0.8099071207430341, 0.7711291413116971, 0.8220973782771535, 0.798142414860681, 0.7777777777777778, 0.8043478260869565, 0.7771618625277161, 0.8099071207430341], "recall": [0.9230769230769231, 0.9147727272727273, 0.9230769230769231, 0.8182539682539682, 0.8894927536231885, 0.8606741573033708, 0.9574468085106382, 0.95, 0.8551136363636364, 0.9230769230769231]}