{"f1": [0.8282051282051281, 0.8194070080862534, 0.8838933281987099, 0.8284250960307298, 0.8806980056980057, 0.8997256173609378, 0.8776255707762557, 0.791044776119403, 0.8741784037558686, 0.8507462686567164], "precision": [0.8085808580858085, 0.7841176470588236, 0.8471789546555901, 0.8092948717948718, 0.8701973001038421, 0.885576923076923, 0.8551009703645424, 0.7713815789473684, 0.8451299718133417, 0.8228070175438597], "recall": [0.8560055382485289, 0.8920454545454546, 0.9399122807017544, 0.8541284403669724, 0.8924770642201835, 0.9164070612668743, 0.914828431372549, 0.8251231527093597, 0.9174242424242425, 0.9029649595687332]}