{"f1": [0.7691915760869565, 0.8027003484320558, 0.72211998527788, 0.759718117754035, 0.794157740993184, 0.733967582804792, 0.7780371811500216, 0.7603174603174603, 0.7363492063492063, 0.7883375385477993], "precision": [0.733739837398374, 0.8027003484320558, 0.6927339901477833, 0.7289915966386555, 0.7592017738359202, 0.6893817204301076, 0.7378048780487805, 0.7252688172043011, 0.7019432773109244, 0.742], "recall": [0.8362573099415205, 0.8027003484320558, 0.7986641221374046, 0.8194139194139194, 0.8835301837270342, 0.8926978818283167, 0.8595258999122037, 0.8341307814992025, 0.8212197159565581, 0.8855392156862745]}