{"f1": [0.561903254734399, 0.5985013294657965, 0.5560010692328254, 0.5416728865004727, 0.5664356435643564, 0.5333104395604396, 0.5360137492838914, 0.5447889750215331, 0.531055900621118, 0.5497424776362158], "precision": [0.6134683098591549, 0.642067392067392, 0.595593461265103, 0.6080962416578855, 0.6181578947368421, 0.5864937388193202, 0.6016146016146016, 0.5881307746979388, 0.5951210951210951, 0.6071428571428571], "recall": [0.7692147034252297, 0.7350464576074333, 0.7053435114503817, 0.7254578754578754, 0.7209645669291338, 0.7695094760312151, 0.7541703248463565, 0.6977671451355663, 0.7263993316624895, 0.7977941176470589]}