{"f1": [0.9072421664245693, 0.8591016548463357, 0.883755920869323, 0.8756071645415908, 0.8821911686347308, 0.8454036107076157, 0.8941009239516702, 0.8642987249544627, 0.9118573292735972, 0.865316821838561], "precision": [0.8815661949990308, 0.829215830875123, 0.8507598784194529, 0.847829131652661, 0.8567774936061381, 0.8105948869223205, 0.8824561403508773, 0.8373949579831932, 0.8955662393162394, 0.8322884012539185], "recall": [0.9418630751964086, 0.90657255616272, 0.93275, 0.9139166666666667, 0.9175084175084175, 0.9075806451612903, 0.9075854700854701, 0.9015, 0.931244085317027, 0.9170149987705926]}